Strain,ID,Sativa,Indica,Hybrid,Flower,Edible,Liquid,Oil,Wax,Happy,Uplifted (raised spirits),Aroused,Energetic,Creative,Focused (productive),Relaxed (calm and relaxed),Sleepy,Talkative (social),Euphoric,Hungry,Tingly (stimulated),Giggly (good humor),Reduce Stress,Help Depression,Help With Pain,Reduce Fatigue,Help With Headaches,Relieve Muscle Spasms,Lower Eye Pressure,Help With Nausea,Reduce Inflammation,Relieve Cramps,Help With Seizures,Restore Appetite,Help With Insomnia,Anxiety,Dry Mouth,Paranoia,Headache,Dizziness,Dry Eyes,Ammonia,Apple,Apricot,Berry,Blue Cheese,Blueberry,Buttery,Cheese,Chemical,Chestnut,Citrus,Coffee,Diesel,Earthy,Flowery,Grape,Grapefruit,Honey,Lavender,Lemon,Lime,Mango,Menthol,Minty,Nutty,Orange,Peach,Pear,Pepper,Pine,Pineapple,Plum,Pungent,Rose,Sage,Skunk,Spicy/Herbal,Strawberry,Sweet,Tar,Tea,Tobacco,Tree Fruit,Tropical,Vanilla,Violet,Woody,About,,,,,Origins,,,,,,
A-10,00001,,X,,X,,,,,2,2,,,,,4,,,3,,2,,,,4,,,3,3,,,,,2,3,,1,0.2,0.2,0.1,0.5,,,,,,,,,,,1,,,3,,,,,,,,,,,,,,,,,,,2,,,,,,,,,,,,,,,"A-10 has an earthy, hashy taste that provides a very heavy body stone. Frequently used to treat insomnia and chronic pain.",,,,,Afghani,,,,,,
Afghani,00002,,X,,X,,,,,5,,,,,,5,4,,4,2,,,4,2,5,,,,,,,,,3,3,,1.3,0.1,0.1,0.3,0.8,,,,,,,,,,,,,,1,,,,,,,,,,,,,,,,,,,2,,,,,,3,,,,,,,,,"Afghani is a heavy indica strain named after its geographic origin, where the earliest varieties of cannabis are believed to have grown. Breeders worldwide have come to treasure Afghani for its heavy resin production which is passed on genetically. With a sweet, earthy aroma, Afghani delivers a deep, sedating relaxation and euphoria. Patients most commonly turn to this potent indica to treat insomnia, pain, and stress disorders. ",,,,,,,,,,,
A-Dub,00003,,,X,X,,,,,4,,,,,4,5,,,4,2,,,4,5,,,,2,,,,,,4,2,,0.5,,,,,,,,,,,,,,,,,,3,,,,,,,,,,,,,,,,,,,2,,,,,,,,,,,,,,1,"Coming from the ever-popular Sour Diesel, OG Kush, and Chemdawg family tree, A-Dub has a solid reputation for its potency. This hybrid produces a well-balanced effect, creating a euphoric, happy buzz that is a great influence when expressing your creativity. Sour Double (a Sour Diesel/Sour Bubble cross) and Alien Dawn (Alien Technology crossed with Chemdawg) combine to birth this magnificent flower.",,,,,"Sour Diesel,
Sour Bubble,
Alien Dawn,
Chemdawg",,,,,,
Sour Diesel,00004,X,,,X,,,,,5,4,,4,,,3,,,4,,,,5,5,3,3,,,,,,,,2,,0.2,1.3,0.5,,0.3,0.8,,,,,,,,,,,,,1,3,,,,,,,,,,,,,,,,,,,2,,,,,,,,,,,,,,,"Sour Diesel, sometimes called Sour D, is an invigorating sativa named after its pungent, diesel-like aroma. This fast-acting strain delivers energizing, dreamy, cerebral effects that have pushed Sour Diesel to its legendary status. Stress, pain, and depression fade away in long-lasting relief that makes Sour Diesel a top choice among medical patients. This strain took root in the early 90s, with cannabis breeder Chem Dog, and it is believed to have descended from Chemdawg, Northern Lights, and a Skunk phenotype.",,,,,"Chemdawg,
Northern Lights,
Skunk No. 1",,,,,,
Sour Bubble,00005,,X,,X,,,,,3,2,,,,,5,4,,,,2,,4,4,5,,,4,,,,,,,3,,2.1,,,,1.9,,,,,,,,,,,,,,1,,,,,,,,,,,,,,,,,,,3,,,,,,2,,,,,,,,,"Sour Bubble is an indica bred by B.O.G. Seeds parented solely by BOG Bubble. These sticky buds offer a sweet, fruity aroma with diesel undertones and deliver relaxing, uplifting effects. Sour Bubble is useful for treating pain, insomnia, muscle spasms, anxiety, and nausea. Indoor or outdoor grows are recommended for intermediate growers, who can expect moderate growths with a flowering time between 7 and 8 weeks. ",,,,,BOG Bubble,,,,,,
Zen,00006,,,X,X,,,,,5,,,2,,,2,,,,,,,2,,2,,3,2,,,,,,,4,1.4,0.6,,,,0.4,,,,3,,,,,,,,,,1,,,,,,,,,,,,,,,,,,,,,,,,,,,,,,,,,3,,,,,,,,,,,,
Chemdawg,00007,,,X,X,,,,,5,4,,,3,,5,,,4,,,,5,4,4,,,,,,,,,2,2,0.4,2.1,,0.1,0.2,1.7,,,,,,,,,,,,,2,1,,,,,,,,,,,,,,,,,,,3,,,,,,,,,,,,,,,"Chemdawg has developed quite the name for itself over the years. Between its mysterious origin, ambiguous genetics and the plethora of successful crosses the strain has produced, Chemdawg has practically secured itself a permanent place in the cannabis hall of fame. The original source of powerhouse strains like Sour Diesel and OG Kush, Chemdawg is known for its distinct, diesel-like aroma. 

Pungent and sharp, you’ll be able to smell this hybrid from a mile away. 
Chemdawg tends to be very potent and depending on grow conditions, can have THC levels of 15-20%. It produces a very cerebral experience, coupled with a strong heavy-bodied feeling. 
",,,,,"Nepalese,Thai",,,,,,
Northern Lights,00008,,X,,X,,,,,5,,,,,,6,4,,4,3,,,5,3,4,,,,,,,,,2,5,,2.1,0.2,0.2,0.3,1.7,,,,,,,,,,,,,,1,,,,,,,,,,,,,,,,3,,,,,,,,,2,,,,,,,,,"Northern Lights stands among the most famous strains of all time, a pure indica cherished for its resinous buds, fast flowering, and resilience during growth. Itself a descendant of indegenous Afghani and Thai landrace strains, Northern Lights has given rise to famous hybrids like Sour Diesel, Shiva Skunk, and Super Silver Haze. Rumor has it that Northern Lights first sprouted near Seattle, WA, but was propagated out of Holland after 1985 at what is now Sensi Seeds. 

Pungently sweet, spicy aromas radiate from the crystal-coated buds, which sometimes reveal themselves in hues of purple. Northern Lights' psychoactive effects settle in firmly thoroughout the body, relaxing muscles and pacifying the mind in dreamy euphoria. Comfortable laziness allows patients to relieve pain and sleeplesness, while its mellow contentment roots out depression and stress. Several different Northern Lights phenotypes circulate the market, but Sensi Seeds recommends a general indoor flowering time of 45 to 50 days.",,,,,"Afghani,Thai",,,,,,
Skunk No. 1,00009,,,X,X,,,,,3,3,,,5,,4,,,5,,,,5,3,2,,2,,,,,,,,2,,2.3,0.4,,0.1,1.8,,,,,,,,,,,,,,2,,,,,,,,,,,,,,,,,,,3,,,1,,,,,,,,,,,,"Skunk #1 is a hybrid strain that has influenced cannabis on a global scale, parenting a horde of Skunk crosses since it first bloomed in the late 1970s. Sacred Seed Co. originally bred Skunk #1 using diverse genetics from around the world; Afghani, Acapulco Gold, and Colombian Gold varieties converged through an intricate selective breeding process that spanned several generations, and finally the genetic cornerstone of countless cannabis hybrids was born. 

The original Skunk #1 gave rise to several variations that were later harvested in the gardens of Sensi Seeds, Dutch Passion, Flying Dutchmen, Nirvana Seeds, and Royal Queen Seeds. As its name suggests, Skunk #1 buds radiate with an aromatic blend of sour skunkiness and subtle earthy notes. This hybrid offers elevated creativity through its high-energy buzz, while stress and appetite loss melt away with Skunk #1's potency. ",,,,,"Afghani, Acapulco Gold, Colombian Gold",,,,,,
BOG Bubble,00010,,X,,X,,,,,3,4,,,,,4,4,,3,,,,5,3,3,,,,,,,,,,5,,2,,,,2.3,,,,,,2,,,,,,,,,3,,,,,,,,,,,,,,,,,,,,,,,,1,,,,,,,,,"BOG Bubble is an indica-dominant hybrid bred by B.O.G. Seeds. These frosty, sticky buds ofer a sweet, bubblegum aroma and deliver long-lasting, uplifting effects. Grows are successful indoor or outdoor, flowering between 45 and 50 days.",,,,,Bubble Gum,,,,,,
Nepalese,00011,X,,,X,,,,,5,4,,,5,,4,,,3,,,,4,5,,4,,3,,5,,,,,,,1.9,,0.3,0.5,0.5,,,,,,,,,,,,,,1,3,,,,,,,,,,,,,,,,,,,,,,,,,,,,,,,,2,"Nepalese refers to any strain that grows natively in the Nepal region. These indigenous varieties (also called landraces) tend to be sativa in growth structure, however, the buds and effects more closely resemble indica varieties. Native Nepalese strains tend to be resinous and hashy in aroma, with buds growing dense toward the top of these sparsely branched plants.",,,,,,,,,,,
Thai,00012,X,,,X,,,,,4,,,5,4,3,2,,,,,,,5,5,5,4,2,,,,,,,,,0.5,1.3,,0.1,0.4,0.4,,,,,,,,,,,3,,,1,,,,,,,,,,,,,,,,,,,,,,,,,2,,,,,,,,,"Thai refers to a cannabis variety that grows natively in Thailand and was brought to the U.S. in the 70s and 80s. This pure sativa landrace is sometimes called ""Thai Sticks"" because of the way its buds are traditionally dried and tied into long sticks. This original Thai variety has given rise to many strains we commonly see on the market today, including Voodoo, Juicy Fruit, and the classic Haze. Thai induces powerful but comfortable effects and has a distinct fruity, citrus aroma. This strain is a challenge for growers outside tropical climates, but greenhouse gardens make this grow possible for experts patient enough for Thai's long growth cycle and slow flowering. ",,,,,,,,,,,
Acapulco Gold,00013,X,,,X,,,,,5,5,,,4,,4,,,4,,,,5,5,4,3,,,,,2,,,,,,2.3,0.3,0.1,0.1,1.8,,,,,,,,,,,,,,1,,,,,,,,,,,,,,,,,,,3,,,,,,2,,,,,,,,,"One of the most well-known strains, Acapulco Gold has been likened to dinner at a five-star restaurant. The strain conmes from the areas in and around Acapulco, Mexico. Its orange hairs resemble a gold nugget, with gold, green and brown colors of resin collecting on the buds. An aroma of burnt toffee lingers when the bud is broken up. Acapulco Gold has a reputation for being one of the best cannabis strains ever created, and is becoming more difficult to find due to more growers moving indoors. ",,,,,Mexican,,,,,,
Colombian Gold,00014,X,,,X,,,,,4,4,,4,5,,,,,6,,,,5,4,3,2,3,,,,,,,,,,2.3,0.3,,,0.6,,,,,,,,,,,,,,1,,,,,,,,,,,,,,,,,,,2,,,3,,,,,,,,,,,,,,,,,South American,,,,,,
Bubble Gum,00015,,,X,X,,,,,5,5,,,,,5,,,5,3,,,5,5,4,,2,,,,,,,,3,,2.3,0.2,0.2,0.6,1.6,,,,2,,,,,,,,,,,3,,,,,,,,,,,,,,,,,,,,,,,,2,,,,,,,,,,,,,,,,,,,,
Mexican,00016,X,,,X,,,,,,5,,,,,4,4,,,3,,,4,4,3,,,,,,,,,,5,,2.3,,0.2,,2.4,,,,,,,,,,,,,,1,,,,,,,,,,,,,,,,,,,,,,,,,,3,,,,,,,2,,,,,,,,,,,,
South American,00017,X,,,X,,,,,6,4,,6,3,,,,,3,,,,2,4,,3,3,5,,,,,,,,0.7,1.8,1.6,,2.1,1.8,,,,,,,,,,,,,,1,,,,,,,2,,,,,,,,,,,,,,,3,,,,,,,,,,,,,,,,,,,,,,,
A-Train,00018,,,X,X,,,,,3,4,,5,,,,,,5,,,4,5,5,4,,,3,,,,,,3,,1.9,1.4,0.5,0.3,,0.5,,,,,,,,,,,,,2,3,,,,,,,,,,,,,,,,1,,,,,,,,,X,,,,,,,,,,,,,,"Mazar I Sharif,
Trainwreck",,,,,,
Mazar I Sharif,00019,,X,,X,,,,,5,,,,4,,5,4,,,4,,,4,4,5,,,,,,,,,5,5,0.1,2.5,0.2,,0.3,1.5,,,,,,,,,,,,,,1,,,,,,,,,,,,,,,,,,,2,,,,,,,,,,,,,,3,,,,,,Afghani,,,,,,
Trainwreck,00020,,,X,X,,,,,5,4,,,3,,4,,,4,,,,5,4,4,,,,,,,,,2,3,,1.5,0.3,0.2,0.5,1.3,,,,,,,,,,,,,,1,,,,,,,,,,,,,,,,2,,,3,,,,,,,,,,,,,,,,,,,,"Mexican,
Thai,
Afghani",,,,,,
Aberdeen,00021,,,X,X,,,,,2,,,,5,,2,,,4,,,4,,5,,,5,4,,4,,,,4,,,1,,,,1,,,,,1,,,,2,,,,,,,,,,,,,,3,,,,,,,,,,,,,,,,,,,,,,,,,,,,,,"Orange Velvet,
Jack The Ripper",,,,,,
Orange Velvet,00022,,,X,X,,,,,5,6,6,,,,6,,,4,,,,5,3,2,,,,,,2,,,2,,0.4,1.1,0.2,,0.3,0.3,,,,,,,,,,,2,,,,,,,,,,,,,,,1,,,,,,,3,,,,,,,,,,,,,,,,,,,,Skunk No. 1,,,,,,
Jack The Ripper,00023,X,,,X,,,,,5,4,,3,,,4,,,5,,,,5,4,3,3,,,,,,,,,2,,1.9,0.4,0.3,0.2,0.7,,,,,,,,,,,3,,,2,,,,,,1,,,,,,,,,,,,,,,,,,,,,,,,,,,,,,,,,"Jack's Cleaner,
Space Queen",,,,,,
Jack's Cleaner,00024,X,,,X,,,,,4,4,,5,,5,,,4,,,,,2,5,4,3,,,3,,,,,,,,1.7,0.4,0.2,0.3,1.2,,,,,,,,,,,1,,,,,,,,,3,,,,,,,,,,,,,,,,,,,2,,,,,,,,,,,,,,Jack Herer,,,,,,
Space Queen,00025,,,X,X,,,,,4,4,,,3,,4,,,5,,,,5,4,3,,2,,,2,,,,,,,2.1,0.4,0.2,0.6,1.6,,,,,,,,,,,,,,3,,,,,,,,,,,,,,,,,,,2,,,,,,1,,,,,,,,,,,,,,"Romulan,
Cinderella 99",,,,,,
Jack Herer,00026,X,,,X,,,,,5,5,,4,3,,,,,3,,,,5,4,3,2,2,,,,,,,,,0.2,2.1,0.4,,0.4,1.6,,,,,,,,,,,,,,1,,,,,,,,,,,,,,,,2,,,,,,,,,,,,,,,,,3,,,,,,"Haze,
Shiva Skunk,
Northern Lights #5",,,,,,
Romulan,00027,,X,,X,,,,,4,2,,,,,6,4,,3,,,,5,3,5,,,,,2,,,,,4,,2.4,0.2,0.2,0.8,1.4,,,,,,,,,,,,,,1,,,,,,,,,,,,,,,,2,,,,,,,,,,,,,,,,,3,,,,,,"North American,
White Rhino",,,,,,
Cinderella 99,00028,,,X,X,,,,,5,5,,3,4,,,,,3,,,,5,4,3,3,2,,,,,,,,,0.2,2,0.5,,1.5,1,,,,,,,,,,,1,,,3,,,,,,,,,,,,,,,,,,,,,,,,,2,,,,,,,,,,,,,,"Jack Herer,
Shiva Skunk",,,,,,
Haze,00029,X,,,X,,,,,5,3,,3,,,3,,,4,,,,5,4,3,3,,,,,,,,3,,0.6,2.5,2.1,,0.9,0.4,,,,,,,,,,,,,,1,,,,,,,,,,,,,,,,,,,,,,,3,,2,,,,,,,,,,,,,,"South American,
Thai,
Mexican,
South Indian Sativa",,,,,,
Shiva Skunk,00030,,X,,X,,,,,4,4,,,,,5,3,,,2,,,4,5,2,,,,,,,,,2,2,,2.1,0.2,,0.3,1.5,,,,,,,,,,,,,,2,,,,,,3,,,,,,,,,,,,,,,,1,,,,,,,,,,,,,,,,,"Northern Lights #5,
Skunk #1",,,,,,
Northern Lights #5,00031,,X,,X,,,,,5,4,,,,,5,3,,5,,,,5,4,4,,,,,,,,,3,4,,2.9,0.2,1.6,0.1,1.2,,,,,,,,,,,2,,,3,,,,,,,,,,,,,,,,,,,,,,,,,1,,,,,,,,,,,,,,Afghani,,,,,,
707 Headband,00032,,,X,X,,,,,5,3,,,3,,4,,,4,,,,5,4,3,,,,,3,,,,,2,,1.5,0.6,0.3,0.4,1,,,,,,,,,,,,,2,,,,,,,,,,,,,,,,,,,,1,,,3,,,,,,,,,,,,,,,,,"Sour Diesel,
OG Kush,
Master Kush",,,,,,
White Rhino,00033,,X,,X,,,,,4,3,,,,,5,3,,3,,,,5,4,4,,,,,3,,,,,4,,1.6,0.2,0.1,0.7,1,,,,,,,,,,,,,,1,,,,,,,,,,,,,,,,,,,2,,,,,,,,,,,,,,3,,,,,,"White Widow,
North American Indica",,,,,,
South Indian Sativa,00034,X,,,X,,,,,3,,,5,5,,3,,,4,,,,5,,4,,,2,,,3,3,,,,,2.3,,,,,3,,,,,,,,,,,,,2,,,,,,,,,,,,,,,,,,,,,,1,,,,,,,,,,,,,,,,,,,,,,,
North American Indica,00035,,X,,X,,,,,,4,,,,6,6,5,,,,,5,,4,6,4,,,,4,,,,,6,,2.5,,,,2.5,,,,,,,,,,,,,,1,,,,,,,,,,,,,,,,,,,,,,,3,,,,,,,,,,2,,,,,,,,,,,,
White Widow,00036,,,X,X,,,,,5,4,,,3,,4,,,5,,,,5,4,3,,,,,,,,,2,1,0.2,1.8,0.4,,0.5,1.4,,,,,,,,,,,,,,1,,,,,,,,,,,,,,,,,,,3,,,,,,,,,,,,,,2,,,,,,"South American Sativa,
South Indian Indica",,,,,,
South American Sativa,00037,X,,,X,,,,,6,,,5,5,,,,,5,,,,,1,,,,1,,4,,1,,,4,1.9,2.4,2.4,,2.4,2.4,,,,,,,,,,,,,,1,,,,,,,2,,,,,,,,,,,,,,,3,,,,,,,,,,,,,,,,,,,,,,,
South Indian Indica,00038,,X,,X,,,,,3,2,,,,,5,,,1,,,,2,1,,,,,,,,,,1,,,0.5,0.1,,,,,,,,,,,,,,,,,1,,,,,,,,,,,,,,,,,,,,,,,,,,,,,,,,,,,,,,,,,,,,,
ACDC,00039,,,X,X,,,,,4,3,,,,3,5,,,2,,,,5,4,5,,,4,,,3,,,,,0.2,0.9,,0.9,0.6,0.5,,,,,,,,,,,,,,1,,,,,,,,,,,,,,,,,,,,,,,,,3,,,,,,,,2,,,,,,Cannatonic,,,,,,
Zeta Sage,00040,X,,,X,,,,,5,4,,4,3,,5,,,,,,,4,4,3,,,3,3,,,,,,,,,,,0.6,,,,,,,,,,,,,,,,,,,,,,,,1,,,,,,,,,,2,,3,,,,,,,,,,,,,,,,,,"OG Kush,
Sage",,,,,,
MK Ultra,00041,,X,,X,,,,,5,,,,,,5,4,,4,3,,,4,3,5,,,,,,,,,4,4,0.8,2.3,0.8,,0.8,1.9,,,,,,,,,,,,,,1,,,,,,,,,,,,,,,,3,,,2,,,,,,,,,,,,,,,,,,,,"OG Kush,
G13",,,,,,
G13 Haze,00042,,,X,X,,,,,5,4,,3,,,5,,,4,,,,5,3,4,,,,2,,,,,,2,,2.6,0.3,0.3,1.1,2,,,,,,,,,,,,,,2,,,,,,,,,,,,,,,,,,,,,,,,,1,,,,,,,,3,,,,,,"G13,
Haze",,,,,,
G13,00043,,X,,X,,,,,5,3,,,,,5,3,,4,,,,5,3,4,,,,,,,,,1,3,,2.1,0.3,0.3,0.5,1.4,,,,,,,,,,,,,,1,,,,,,,,,,,,,,,,3,,,,,,,,,2,,,,,,,,,,,,,,,,,,,,
OG Kush,00044,,,X,X,,,,,5,3,,,,,5,,,4,3,,,5,3,4,,,,,,,,,2,3,,2.1,0.8,0.5,0.8,1.5,,,,,,,,,,,,,,1,,,,,,,,,,,,,,,,2,,,,,,,,,,,,,,,,,3,,,,,,"Chemdawg,
Hindu Kush",,,,,,
Hindu Kush,00045,,X,,X,,,,,4,,,,,,6,5,,4,3,,,5,3,3,,,,,,,,,2,4,0.5,2.3,1,,0.2,1.8,,,,,,,,,,,,,,1,,,,,,,,,,,,,,,,,,,3,,,,,,2,,,,,,,,,,,,,,,,,,,,
Ace Killer OG,00046,,X,,X,,,,,3,,,,,,5,4,,2,4,,,2,,4,,,2,,,,,,3,5,,,,,,,,,,,,,,,,,,,2,1,,,,,,,,,,,,,,,,,,,,,,,3,,,,,,,,,,,,,,,,"White Fire OG,
King's Kush,
Kosher Kush",,,,,,
White Fire OG,00047,,,X,X,,,,,5,5,,4,,,4,,,5,,,,5,4,4,3,,,,2,,,,,,0.2,1.9,0.3,0.3,,1,,,,,,,,,,,,,,1,,,,,,,,,,,,,,,,,,,3,,,,,,2,,,,,,,,,,,,,,"The White,
Fire OG",,,,,,
King's Kush,00048,,X,,X,,,,,5,,,,,,5,4,,5,4,,,5,3,5,,,,,,,,,5,3,,2.5,0.5,0.3,0.4,1.9,,,,,,,,,,,,,,3,,1,,,,,,,,,,,,,,,,,,,,,,,2,,,,,,,,,,,,,,OG Kush,,,,,,
Kosher Kush,00049,,X,,X,,,,,4,3,,,,,5,5,,4,,,,5,4,5,,,,,,,,,2,5,,2.4,0.4,0.4,0.9,1.4,,,,,,,,,,,,,,1,,,,,,,,,,,,,,,,3,,,2,,,,,,,,,,,,,,,,,,,,,,,,,,
The White,00050,,,X,X,,,,,5,4,,,,4,5,,,5,,,,5,3,4,,,,,2,,,,,3,0.2,1.7,0.4,,0.8,1.1,,,,,,,,,,,,,,1,,,,,,,,,,,,,,,,2,,,,,,,,,3,,,,,,,,,,,,,,,,,,,,
Zeus OG,00051,,,X,X,,,,,5,5,,,5,,5,,,5,,,,5,,1,,,2,,,,,,4,2,,0.6,0.6,,0.6,1,,,,,,,,,,,,,,,,,,,,,,,,,,,,,,,,,,,,1,,,,,2,,,,,,3,,,,,,Deadhead OG,,,,,,
SFV OG Kush,00052,,X,,X,,,,,5,,,,,,5,4,,5,3,,,5,2,5,,,2,,,,,,,3,,1.7,,0.4,1.2,1.2,,,,,,,,,,,,,,3,,,,,,1,,,,,,,,,,2,,,,,,,,,,,,,,,,,,,,,,,"SFV OG,
Afghani",,,,,,
SFV OG,00053,,,X,X,,,,,5,3,,,2,,5,,,4,,,,4,3,5,,3,,,,2,,,,,,1.8,0.3,0.2,0.3,1.8,,,,,,,,,,,,,,1,,,,,,,,,,,,,,,,2,,,3,,,,,,,,,,,,,,,,,,,,OG Kush,,,,,,
Ace Of Spades,00054,,X,,X,,,,,5,4,,,,,5,3,,3,,,,5,3,4,,3,,,,,,,,3,,2.5,0.3,0.4,0.4,3,,,,,,,,,,,,,,2,,,,,,,,,,,,,,,,3,,,,,,,,,1,,,,,,,,,,,,,,"Jack The Ripper,
Black Cherry Soda",,,,,,
Zkittlez,00055,,X,,X,,,,,3,2,,,3,,5,,,4,,,,5,4,,,3,,,3,,,,,4,,,,0.4,,,,,,3,,,,,,,,,,,,,2,,,,,,,,,,,,,,,,,,,,,,1,,,,,,,,,,,,,,"Grape Ape,
Grapefruit",,,,,,
Aceh,00056,X,,,X,,,,,5,,,,5,5,5,,,4,,,,3,3,,,,,5,,,,,5,2,,2.2,,,,,,,,,,,,,,,,,,3,,,,,,,,,,,,,,,,,,,,,,,,,,,,,,1,,,3,,,,,,,,,,,,
Afcrack,00057,,,X,X,,,,,4,,,,5,4,4,,,4,,,,4,3,3,,,,3,,,,,,,,,,,,,,,,,,,,,,,,,,1,2,,,,,,,,,,,,,,,,,,,,,,,,,,,,,,,,3,,,,,,"Afgoo,
Green Crack",,,,,,
Afgoo,00058,,X,,X,,,,,5,4,,,,,6,4,,5,,,,5,3,3,,,,,,,,,3,3,,2.5,0.4,0.2,0.4,1,,,,,,,,,,,,,,1,,,,,,,,,,,,,,,,3,,,,,,,,,,,,,,,,,2,,,,,,Afghani,,,,,,
Green Crack,00059,X,,,X,,,,,5,4,,5,,4,,,,3,,,,5,4,3,3,2,,,,,,,,,0.4,2.2,0.5,,0.3,1.6,,,,,,,,,,,2,,,1,,,,,,,,,,,,,,,,,,,,,,,,,3,,,,,,,,,,,,,,Skunk #1,,,,,,
Afghan Big Bud,00060,,X,,X,,,,,4,5,,,,,2,,2,,,,3,4,3,4,,,,,1,,,,,3,,1,0.2,,,0.6,,,,,,,,,,,,,,3,1,,,,,,,,,,,,,,,,,,,,,,,,,,,,,,2,,,,,,,,"Big Bud,
Afghani",,,,,,
Big Bud,00061,,X,,X,,,,,4,2,,,,,5,5,,,3,,,4,2,3,,,,,,,,,2,4,,2.1,0.1,0.2,0.4,1.5,,,,,,,,,,,,,,1,,,,,,,,,,,,,,,,2,,,3,,,,,,,,,,,,,,,,,,,,"Afghani,
Northern Lights,
Skunk #1",,,,,,
Afghan Cow,00062,X,,,X,,,,,,,,,6,5,5,,,5,,,,2,1,,4,,,,,,,,3,,,0.5,0.2,0.1,,0.3,,,,,,,,,,,,,,1,,,,,,,,,,,,,,,,,,,,,,,,,,,,,,,,,,,,,,,"Ash,
Kali Mist,
AK-47",,,,,,
Afghan Diesel,00063,,,X,X,,,,,6,,,,6,1,,,,3,,,2,2,3,4,3,3,,,,,,,,,0.1,0.5,0.2,,0.3,0.4,,,,,,,,,,3,,,1,2,,,,,,,,,,,,,,,,,,,,,,,,,,,,,,,,,,,,,,,"Afghani,
Sour Diesel",,,,,,
Afghan Hawaiian,00064,,X,,X,,,,,,,,3,4,,5,5,,,,,,4,3,2,,,,1,,,,,,5,,1,,,,,,,,,,,,,,,,,,,,,,,,,,,,,,,,,,,1,,,,,,,,2,,,,,3,,,,,,,,,"UK Cheese,
Lavender",,,,,,
Warlock,00065,,,X,X,,,,,4,4,,,,3,6,,,,2,,,6,5,3,,,,,,3,,,,1,,1,0.4,0.4,0.5,0.4,,,,,,,,,,,,,,2,,,,,,,,,,,,,,,,,,,,,,,,,1,,,,,,,,3,,,,,,"Skunk No. 1,
Afghani",,,,,,
Afghan Kush,00066,,X,,X,,,,,3,,,,,,5,4,,3,2,,,5,3,4,,2,,,,,,,,4,,2.2,0.4,0.2,0.7,1.5,,,,,,,,,,,,,,1,,,,,,,,,,,,,,,,,,,2,,,,,,,,,,,,,,3,,,,,,Afghani,,,,,,
Afghan Skunk,00067,,X,,X,,,,,6,,,,,,6,4,,,,,5,5,3,3,,,,,,,,,3,4,,2.8,0.2,0.8,0.3,0.7,,,,,,,,,,,,,,3,,,,,,,,,,,,,,,,,,,,,,1,,,2,,,,,,,,,,,,,,"Afghani,
Skunk #1",,,,,,
Afghan Sour Kush,00068,,X,,X,,,,,,,,1,,,5,5,,5,6,,,,,,4,,,,,,,,5,3,,2,,,,,,,,,,,,,,,,,,1,,,,,,,,,,,3,,,,,,,,,,,,,,2,,,,,,,,,,,,,,"Afghani,
Sour Kush",,,,,,
Afghani Bullrider,00069,,X,,X,,,,,5,4,,,5,,6,,,4,,,,5,3,3,,,,,,,,,2,4,,2.8,0.6,0.1,0.2,0.9,,,,,,,,,,,,,,2,,,,,,,,,,,,,,,,,,,,,,,3,,1,,,,,,,,,,,,,,Afghani,,,,,,
Afghani CBD,00070,,X,,X,,,,,4,5,,,5,4,,3,,,,,,3,5,3,2,,,,,,,,,4,,,,,,,,,,,,3,,,,,,,,,,2,,,,,,,,,,,,,,,,,,,,,,,1,,,,,,,,,,,,,,Afghani,,,,,,
Afghanica,00071,,,X,X,,,,,5,5,5,,,,5,,,5,,,,4,1,3,,,,,2,,,,,2,3.3,1.8,,,0.5,1.3,,,,3,,,,,,,,,,,,,,,,,,,,,,,,,,,,,,,,,,,2,,1,,,,,,,,,,,,Afghani,,,,,,
Afghooey,00072,,X,,X,,,,,5,5,,,,,6,3,,5,3,,,4,3,5,,,3,,,,,,,2,,2.3,0.5,0.4,0.3,1.3,,,,3,,,,,,,,,,,,,,,,,,,,,,,,,,,,,2,,,,,,1,,,,,,,,,,,,,,Afghani,,,,,,
Cambodian,00073,X,,,X,,,,,,5,4,5,,4,,,,5,,,,,,,3,,,,,,,,,,,,,,,,,,,,,,,,,,,,,1,2,,,,,,,,,,,,,,,,,,,,,3,,,,,,,,,,,,,,,,,,,,,,,
Maui Waui,00074,X,,,X,,,,,5,5,,5,,,4,,,4,,,,4,4,3,3,1,,,,,,,,,,1.2,0.3,0.4,0.5,0.8,,,,,,,,,,,3,,,,,,,,,,,,,,,,,,,,,,,,,,,,2,,,,,1,,,,,,,,,Hawaiian,,,,,,
Ash,00075,,,X,X,,,,,3,3,,,,,6,2,,3,,,,5,4,5,,,,4,,,,,4,,1.2,3.3,,0.7,1,2.6,,,,,,,,,,,,,,1,,,,,,,,,,,,,,,,2,,,3,,,,,,,,,,,,,,,,,,,,"Afghan Skunk,
Afghan Haze",,,,,,
Kali Mist,00076,X,,,X,,,,,5,3,,5,4,3,,,,,,,,4,4,2,3,,2,,,,,,,,0.2,2.8,0.4,,0.3,1.4,,,,,,,,,,,,,,1,2,,,,,,,,,,,,,,,,,,,,,,,,3,,,,,,,,,,,,,,,,,,,,
Critical Kali Mist,00077,X,,,X,,,,,5,5,,,,,5,,,5,,4,,1,2,,,,1,2,,,,,,1,,,,,,,,,,,,,,,,,,,,1,,,,,,,,,,,,,,,,,,,1,,,2,,,,,,,,,,,,,,,,,"Critical Mass,
Kali Mist",,,,,,
Bhang Kali Mist,00078,X,,,X,,,,,3,3,,,,,2,,,,2,,,2,2,,,,,,,,,,1,,0.4,1,,0.1,,0.3,,,,,,,,,,,,,,1,,,,,,,,,,,,,,,,,,,2,,,,,,,,,,,,,,3,,,,,,Kali Mist,,,,,,
Lavender,00079,,X,,X,,,,,4,2,,,,,5,3,,4,,,,5,2,4,,,,,,,,,2,3,0.2,2.1,0.3,,0.6,1.9,,,,,,,,,,,,,,,2,,,,1,,,,,,,,,,,,,,,,,,,,3,,,,,,,,,,,,,,"Super Skunk,
Afghani,
Hawaiian,
South Asian Indica",,,,,,
Lavender Jones,00080,,,X,X,,,,,5,4,,,,4,6,,,5,,,,4,5,5,,,,,,,,,5,3,0.3,3.3,,,2.4,2.4,,,,,,,,,,,,,,3,2,,,,1,,,,,,,,,,,,,,,,,,,,,,,,,,,,,,,,,,"Purple Urkle,
Casey Jones",,,,,,
White Lavender,00081,,,X,X,,,,,5,4,,,4,,5,,,,,4,,5,4,5,,,,,,3,,,,3,2.5,0.5,0.2,2.5,,1.3,,,,,,,,,,,,,,,2,,,,1,,,,,,,,,,,,,,3,,,,,,,,,,,,,,,,,,,,"White Widow,
Lavender",,,,,,
Shishkaberry,00082,,X,,X,,,,,3,,,,,,5,4,,3,,,2,4,3,3,,,,,,,,,2,3,,1,0.5,0.3,0.3,0.7,,,,1,,3,,,,,,,,,,,,,,,,,,,,,,,,,,,,,,,,,2,,,,,,,,,,,,,,"DJ Short Blueberry,
Afghani",,,,,,
Bhang Lavender Kush,00083,,X,,X,,,,,2,,,,,2,5,,,5,,,,3,,,,,,,,,,,,,,1.3,,,,,,,,,,,,,,,,,,3,2,,,,1,,,,,,,,,,,,,,,,,,,,,,,,,,,,,,,,,,Lavender,,,,,,
Sour Kush,00084,,,X,X,,,,,5,5,,,4,,5,,,5,,,,5,5,3,2,2,,,,,,,,,1,2,0.3,,0.6,1.3,,,,,,,,,,,,,3,2,,,,,,,,,,,,,,,,,,,1,,,,,,,,,,,,,,,,,,,,"Sour Diesel,
OG Kush",,,,,,
AK-47,00085,,,X,X,,,,,5,4,,,3,,4,,,4,,,,5,4,3,2,,,,,,,,1,,,1.9,0.5,0.2,0.4,0.9,,,,,,,,,,,,,,1,,,,,,,,,,,,,,,,,,,3,,,,,,2,,,,,,,,,,,,,,"South American,
Mexican,
Thai,
Afghani",,,,,,
UK Cheese,00086,,,X,X,,,,,5,4,,,,,5,,,4,,,4,5,4,3,,,,,,,,,2,1,,2.1,0.3,0.2,0.3,1.7,,,,,,,,1,,,,,,3,,,,,,,,,,,,,,,,,,,2,,,,,,,,,,,,,,,,,,,,Skunk No. 1,,,,,,
Critical Mass,00087,,X,,X,,,,,4,,,,,,5,3,,3,,2,,4,3,5,,,2,,,,,,,3,0.5,2.6,0.7,,0.3,1,,,,,,,,,,,,,,1,,,,,,,,,,,,,,,,,,,3,,,,,,2,,,,,,,,,,,,,,"Afghani,
Skunk No. 1",,,,,,
Hawaiian,00088,X,,,X,,,,,5,5,,,,,5,,,4,,,3,4,3,3,,,,2,,,,,3,,0.9,1,1.1,,0.2,0.5,,,,,,,,,,,,,,,,,,,,,,,,,,,,,,,3,,,,,,,,1,,,,,2,,,,,,,,,,,,,,,
South Asian Indica,00089,,X,,X,,,,,3,2,,,,,,,3,,3,,4,3,,3,,,,,,,,,,,,0.3,,,,,,,,,,,,,,,,,,,,,,,,,,,,,,,,,,,,,,,,,,,1,,,,,,,,,,,,,,,,,,,,
Purple Urkle,00090,,X,,X,,,,,5,,,,,,5,5,,4,3,,,5,3,5,,2,,,,,,,,5,,1.8,0.3,0.1,0.3,1,,,,2,,,,,,,,,,,,3,,,,,,,,,,,,,,,,,,,,,,,1,,,,,,,,,,,,,,Mendocino Purps,,,,,,
Casey Jones,00091,X,,,X,,,,,5,5,,5,5,,,,,5,,,,5,4,3,2,,,,,,,,3,,0.5,2,1.7,,0.2,1.2,,,,,,,,,,,,,,1,,,,,,,,,,,,,,,,,,,3,,,,,,2,,,,,,,,,,,,,,"Trainwreck,
Thai,
East Coast Sour Diesel",,,,,,
Mendocino Purps,00092,,,X,X,,,,,5,,,,,,5,3,,5,3,,,5,2,3,,,,,,,,,3,4,,1.6,0.2,0.5,0.4,0.9,,,,2,,,,,,,,,,,,3,,,,,,,,,,,,,,,,,,,,,,,1,,,,,,,,,,,,,,North American Indica,,,,,,
East Coast Sour Diesel,00093,X,,,X,,,,,5,5,,5,4,,,,,4,,,,5,4,3,2,,,,,2,,,,,0.2,2.2,0.2,,0.5,0.8,,,,,,,,,,,,,1,,,,,,,,,,,,,,,,,,,,2,,,3,,,,,,,,,,,,,,,,,Sour Diesel,,,,,,
African,00094,X,,,X,,,,,5,,,,5,,,,,5,6,,,,4,,5,4,4,,,,,,5,,,3.5,,,,,,,,,,,,,,,3,,,2,,,,,,,,,,,,,,,,,,,,,,,,,,,,,,1,,,,,,,,,,,,,,,
Afwreck,00095,,,X,X,,,,,5,,5,,,,5,,,6,,,4,4,2,3,,,,,,,,,2,2,,3.3,0.2,0.3,0.4,3,,,,,,,,,,,,,,,,,,,,,,,1,,,,,,,,,,2,,,3,,,,,,,,,,,,,,,,,"Afghani,
Trainwreck",,,,,,
Big Wreck,00096,,X,,X,,,,,5,5,,,,,6,4,,6,,,,3,,4,,,2,,2,,,,,2,0.1,3,,0.3,0.3,0.8,,,,,,,,,,,,,,1,3,,,,,,,,,,,,,,,,,,2,,,,,,,,,,,,,,,,,,,,"Big Bud,
Trainwreck",,,,,,
Blue Dream,00097,,,X,X,,,,,5,4,,,3,,4,,,4,,,,5,4,4,3,3,,,,,,,,,,2.1,0.4,0.1,0.2,0.8,,,,3,,1,,,,,,,,,,,,,,,,,,,,,,,,,,,,,,,,,2,,,,,,,,,,,,,,"Blueberry,
Haze",,,,,,
Skywalker,00098,,X,,X,,,,,5,3,,,,,5,4,,3,,,,5,3,4,,,,,2,,,,,3,,2.1,0.1,0.2,0.5,1.7,,,,,,,,,,,,,,1,,,,,,,,,,,,,,,,,,,3,,,,,,2,,,,,,,,,,,,,,"Blueberry,
Mazar I Sharif",,,,,,
Banana OG,00099,,,X,X,,,,,5,4,,,,4,5,,,5,,,,5,3,3,,,,,,,,,2,2,0.1,1.6,0.1,,0.4,0.8,,,,,,,,,,,,,,3,,,,,,,,,,,,,,,,,,,,,,,,,1,,,,,2,,,,,,,,,OG Kush,,,,,,
Blueberry,00100,,X,,X,,,,,5,3,,,,,5,4,,5,,,,5,3,4,,,,,,,,,2,3,,2.1,0.3,0.2,0.3,1,,,,2,,1,,,,,,,,,,,,,,,,,,,,,,,,,,,,,,,,,3,,,,,,,,,,,,,,"Afghani,
Thai,
Purple Thai",,,,,,
Zombie OG,00101,,X,,X,,,,,,,,,3,,5,5,,,,,4,,5,4,4,,3,,,,,,,3,,0.9,0.5,0.3,0.4,0.4,,,,,,,,,,,,,,1,3,,,,,,,,,,,,,,,,,,2,,,,,,,,,,,,,,,,,,,,,,,,,,
Chocolate Thai,00102,X,,,X,,,,,5,5,,4,,,5,,,4,,,,5,4,1,,3,,2,,,,,,,,1,0.3,,,1,,,,,,,,,,,,,,2,,,,,,,,,,,,,,,,,,,,,,,1,,,,,,,,,,3,,,,,,Thai,,,,,,
Bhang Chocolate Thai,00103,X,,,X,,,,,3,4,,3,,,4,,,5,,,,,,,,,,,,,,,,,,1,,,,1,,,,,,,,,,,,2,,1,,,,,,,,,,,,,,,,,,,,,,,,,,,,,,,,,,,,,,,Chocolate Thai,,,,,,
Bhang Pineapple Thai,00104,X,,,X,,,,,0,,,,,,,,,,,,,,,,,,,,,,,,,,,,,,,,,,,,,,,,,,,,,,,,,,,,,,,,,,,,,,,,,,,,,,,,,,,,,,,,,,,,Pineapple Thai,,,,,,
Blue Thai,00105,,,X,X,,,,,,3,,,,3,5,,,,,,1,2,,,3,,,,,,,,,,,1.3,,,,,,,,,,1,,,,,,,,,,,,,,,,,,,,,,,,,,,,,,,,,,,,,,,,,,,,,,,Blueberry,,,,,,
Lemon Thai,00106,X,,,X,,,,,5,5,,5,4,,,,,4,,,,5,4,4,2,,2,,,,,,,,0.9,0.5,0.8,0.9,,0.2,,,,,,,,,,,2,,,3,,,,,,1,,,,,,,,,,,,,,,,,,,,,,,,,,,,,,,,,,,,,,,
Pineapple Thai,00107,X,,,X,,,,,4,4,,,5,5,5,,,,,,,5,4,4,3,,,,,,,,2,,,0.6,0.2,,0.2,0.3,,,,,,,,,,,,,,,,,,,,,,,,,,,,,,,1,,,,,,3,,,,,,,2,,,,,,,,,Thai,,,,,,
Purple Thai,00108,X,,,X,,,,,3,3,,,,,5,,,5,,4,,5,1,4,,4,,,,,,,,4,,,,,,,,,,2,,,,,3,,,,,1,,,,,,,,,,,,,,,,,,,,,,,,,,,,,,,,,,,,,,,"Mexican,
Chocolate Thai",,,,,,
Charlie Sheen,00109,,,X,X,,,,,4,3,,,,2,5,,,3,,,,5,4,3,2,,,,,,,,2,,0.3,1.5,0.2,,0.3,1,,,,,,,,,,,,,,,,,,,,2,,,,,,,,,,,,,3,,,,,,1,,,,,,,,,,,,,,"OG Kush,
Green Crack,
Blue Dream",,,,,,
Thai Lights,00110,,,X,X,,,,,4,5,,3,,,3,,,,3,,,4,5,,,3,,,,,,,4,4,,1.3,,,,,,,,,,,,,,,,,,1,,,,,,,,2,,,,,,,,,,,,,,,3,,,,,,,,,,,,,,,,"Northern Lights,
Thai",,,,,,
Thai-Tanic,00111,X,,,X,,,,,5,5,,,,3,5,,,2,,,,2,,1,1,,,,1,,,,,2,1.7,2.5,1.7,,0.3,2.4,,,,,,,,,,,,,,1,,,,,,,,,,,,,,,,,,,,,,,,,3,,,,,,,,2,,,,,,"Thai,
Skunk No. 1",,,,,,
Thaidal Wave,00112,,,X,X,,,,,,6,6,,1,6,,,,2,,,,3,6,1,,,,,1,,,,,,,,,,0.6,,,,,,,,,,,,,,,1,,,,,,,,,,,,,,,,,,,,,,,,,,,,,,,,,,,,,,,Thai,,,,,,
Agent Orange,00113,,,X,X,,,,,5,5,,4,,,4,,,4,,,,5,4,2,3,1,,,,,,,,,0.2,2.2,0.3,0.1,,0.5,,,,,,,,,,,2,,,,,,,,,,,,,,,1,,,,,,,,,,,,,3,,,,,,,,,,,,,,"Orange Velvet,
Jack The Ripper",,,,,,
AK-48,00114,,,X,X,,,,,5,3,,,,,4,,,4,,,3,5,3,2,,,,,,,,,4,3,,2.7,0.3,0.2,0.3,0.6,,,,,,,,,,,,,,2,,,,,,,,,,,,3,,,,,,,,,,,,,1,,,,,,,,,,,,,,"Ice,
Jock Horror",,,,,,
Ice,00115,,,X,X,,,,,5,4,,,,4,6,,,5,,,,5,4,5,3,,,,,,,,3,,,2.9,0.4,0.1,0.5,2.4,,,,,,,,,,,,,3,2,,,,,,,,,1,,,,,,,,,,,,,,,,,,,,,,,,,,,,,,"Afghani,
Shiva Skunk,
Northern Lights,
Skunk No. 1",,,,,,
Jock Horror,00116,X,,,X,,,,,6,,,,6,,5,,,6,6,,,6,3,3,,,,,5,,,,6,,0.8,2.5,,,0.8,2.5,,,,2,,,,,,,,,,1,,,,,,,,,,,,,,,,,,,,,,,,,3,,,,,,,,,,,,,,"Northern Lights,
Haze,
Skunk No. 1",,,,,,
Alaska,00117,X,,,X,,,,,5,5,,5,5,,,,,5,,,,5,5,,,1,,1,1,,,,,,,,0.4,,0.9,,,,,,,,,,,,,,,1,,,,,,,,,,3,,,,,,,,,,,,,,,,,,,,,,,2,,,,,,,,,,,,
Alaska Thunder Grape,00118,,,X,X,,,,,,,,,3,3,3,,,3,,3,,3,,3,,,,3,,,,,,,,,,,,,,,,,,,,,,,,,,,,1,,,,,,,,,,,,,2,,,,,,,3,,,,,,,,,,,,,,,,,"Matanuska Thunder Fuck,
Grape Ape",,,,,,
Alaskan Ice,00119,X,,,X,,,,,5,5,,,,,,,,5,,,5,2,1,1,,1,,1,,,,,,,,0.9,0.2,,0.4,0.6,,,,,,,,,,,,,,3,,,,,,,,,,,1,,,,,,,,,,,,,,,,,,,,,,2,,,,,,"White Widow,
Haze",,,,,,
Alaskan Thunder Fuck,00120,X,,,X,,,,,5,4,,3,,,3,,,5,,,,5,4,3,2,2,,,,,,,,,,1.9,0.5,0.4,0.2,1,,,,,,,,,,,,,,1,,,,,,,,,,,,,,,,,,,2,,,,,,3,,,,,,,,,,,,,,North American Sativa,,,,,,
Matanuska Thunder Fuck,00121,X,,,X,,,,,4,3,,,3,,4,,,5,,,,5,2,3,1,,,,,,,,2,,0.2,2.7,0.4,,2,2,,,,,,,,,,,,,,1,,,,,,,,,,,,,,,,2,,,3,,,,,,,,,,,,,,,,,,,,,,,,,,
Grape Ape,00122,,X,,X,,,,,4,,,,,,5,4,,3,3,,,4,2,4,,,,,2,,,,,3,,1.8,0.4,0.4,0.5,1.3,,,,3,,,,,,,,,,,,1,,,,,,,,,,,,,,,,,,,,,,,2,,,,,,,,,,,,,,"Afghani,
Mendocino Purps,
Skunk No. 1",,,,,,
North American Sativa,00123,X,,,X,,,,,0,,,,,,,,,,,,,,,,,,,,,,,,,,,,,,,,1,,,,,,,,,,,,,,,,,,,,,,,,,,,,,2,,,,,,,,,,3,,,,,,,,,,,,,,,,,,,
Albert Walker,00124,,,X,X,,,,,4,,,,,,5,3,,3,5,,,4,4,4,,2,,,,,,,4,,,0.4,0.4,0.3,0.4,0.4,,,,,,,,,,,,,,1,,,,,,,,,,,,,,,,3,,,2,,,,,,,,,,,,,,,,,,,,Afghan Skunk,,,,,,
Alchemy,00125,,,X,X,,,,,4,,,,,4,,,4,5,4,,,5,,4,,,,5,,,,,,4,,,,,,,,,,,,1,,2,3,,,,,,,,,,,,,,,,,,,,,,,,,,,,,,,,,,,,,,,,,,,,"Chemdawg,
Querkle",,,,,,
Alf,00126,,,X,X,,,,,0,,,,,,,,,,,,,,,,,,,,,,,,,,,,,,,,,,,,,,,,,,,,,,,,,,,,,,,,,,,,,,,,,,,,,,,,,,,,,,,,,,,,"Animal Cookies,
Cherry Pie,
White Fire Alien OG,
Girl Scout Cookies",,,,,,
Alice In Wonderland,00127,X,,,X,,,,,5,5,,5,,4,,,,5,,,,5,4,3,3,,,,,2,,,,,1.6,0.9,,,0.3,0.7,,,,,,,,,,,,,,1,2,,,,,,,,,,,,,,,,,,,,,,,,3,,,,,,,,,,,,,,Willy's Wonder,,,,,,
Alien Abduction,00128,,,X,X,,,,,4,,,,,4,,,,,,,,,4,,,4,,,4,,,,4,4,,0.6,,,,,,,,,,,,,,,,,,3,,,,,,,,,,,1,,,,,,,,,,,,,,2,,,,,,,,,,,,,,"Alien OG,
Alien Dawg",,,,,,
Alien Asshat,00129,,,X,X,,,,,5,3,,,,,3,,,5,2,,,2,1,1,,,,,1,,1,,,,,0.5,,,0.4,,,,,,,2,,,,,3,,,1,,,,,,,,,,,,,,,,,,,,,,,,,,,,,,,,,,,,,,,,,,,,,
Alien Dawg,00130,,X,,X,,,,,5,4,,,,,5,5,,5,,,,5,4,4,,,,,,,,,3,4,0.3,2.7,0.5,,0.7,1.8,,,,,,,,,,,,,,1,,,,,,,,,,,,,,,,,,,2,,,,3,,,,,,,,,,,,,,,,Chemdawg,,,,,,
Alien Hallucination,00131,,,X,X,,,,,4,4,,,5,,4,,,5,,,,4,4,3,,2,3,,,,,,,,,,,,,,,,,,,,,,,,,,,1,,,,,,,3,,,,,,,,,,,,,,,,,,2,,,,,,,,,,,,,,"Tahoe Alien,
LSD",,,,,,
Alien Inferno,00132,,,X,X,,,,,5,,,3,4,3,,,,3,,,,3,4,3,1,,3,,,,,,,,,,,,,,,,,,,,,,,,,,1,2,,,,,,,,,,,,,,,,,,,3,,,,,,,,,,,,,,,,,,,,"Alien OG,
Diablo",,,,,,
Alien Kush,00133,,X,,X,,,,,5,4,,,4,,5,,,5,,,,3,,3,,3,,,,,,,2,2,,2.7,0.2,0.6,2,2.3,,,,,,,,,,,,,,,,,,,,,,,,,,,,,,1,,,,,,,,,,,2,,,,,,3,,,,,,"LVPK,
Alien Dawg",,,,,,
Alien OG,00134,,,X,X,,,,,4,4,,,,,5,,,5,3,,,5,4,3,,,,,,,,,3,3,,2.9,0.2,0.4,0.3,0.4,,,,,,,,,,,,,,1,,,,,,,,,,,,,,,,2,,,,,,,,,3,,,,,,,,,,,,,,"Alien Kush,
Tahoe OG Kush",,,,,,
Alien Reunion,00135,,,X,X,,,,,3,3,,,2,,3,,,4,,,,,,2,,2,2,,,2,,,2,,,,,,,,,,,,,,,,,,,,2,,,,,,,,,,,,,,,,,,,,3,,,1,,,,,,,,,,,,,,,,,"Alien Dawg,
Alien OG",,,,,,
Alien Rock Candy,00136,,,X,X,,,,,5,4,,,,,6,,,5,,4,,5,4,5,,,4,,,,,,,4,0.4,1,0.4,,,0.4,,,,,,,,,,,2,,,3,,,,,,,,,,,,,,,,,,,,,,,,,1,,,,,,,,,,,,,,Tahoe Alien,,,,,,
Alien Sour Apple,00137,,,X,X,,,,,1,,,,1,,1,,,,1,,,,,,,,,,,,,,,,,,,,,,2,1,,,,,,,,,,,,,,,,,,,,,,,,,,,3,,,,,,,,,,,,,,,,,,,,,,,,"Alien Dawg,
Sour Apple",,,,,,
Alien Stardawg,00138,X,,,X,,,,,5,5,,,5,,,,,2,,,,5,3,,,,,,,,,,3,,,1.5,,,,,,,,,,,,,,,,,,1,,,,,,,,,,,,,,,,,,,2,3,,,,,,,,,,,,,,,,,,,"Alien Kush,
Stardawg",,,,,,
Alien Technology,00139,,X,,X,,,,,3,,,,,,,,,3,,,3,,3,,,,,,,,,,,,,1,,,,1,,,,,,,,,,,,,,,,,,,,,,,,,,,,,,,,,,,,,1,,,,,,,,,,,,,,,,Afghani,,,,,,
Querkle,00140,,X,,X,,,,,5,4,,,,,5,5,,4,,,,5,,4,,3,3,,,,,,,3,0.1,1.8,,0.2,0.3,1.2,,,,3,,,,,,,,,,,,2,,,,,,,,,,,,,,,,,,,,,,,1,,,,,,,,,,,,,,"Purple Urkle,
Space Queen",,,,,,
Animal Cookies,00141,,,X,X,,,,,5,4,,,3,,5,,,,5,,,4,3,4,,,,,,,,,2,3,0.3,0.4,0.2,,,0.3,,,,,,,,,,,,,,2,,,,,,,,,,,,,,,,,,,3,,,,,,1,,,,,,,,,,,,,,"Girl Scout Cookies,
Fire OG",,,,,,
Girl Scout Cookies,00142,,,X,X,,,,,5,4,,,3,,5,,,5,,,,5,4,4,,,,,,,,,2,2,0.3,1.7,0.3,,0.2,0.9,,,,,,,,,,,,,,2,,,,,,,,,,,,,,,,,,,3,,,,,,1,,,,,,,,,,,,,,"Durban Poison,
OG Kush",,,,,,
Cherry Pie,00143,,,X,X,,,,,5,4,,,3,,5,,,5,,,,4,3,3,,2,,,,,,,,1,0.2,1.9,0.6,,0.4,1,,,,2,,,,,,,,,,3,,,,,,,,,,,,,,,,,,,,,,,,,1,,,,,,,,,,,,,,"Granddaddy Purple,
Durban Poison",,,,,,
White Fire Alien OG,00144,,,X,X,,,,,5,,,,3,,5,4,,5,,,,4,,4,2,,,,,,,,2,4,0.3,3.2,0.3,,0.2,1.1,,,,,,,,,,,1,,,2,,,,,,,,,,,,,,,,,,,3,,,,,,,,,,,,,,,,,,,,"The White,
Fire Alien Kush",,,,,,
Durban Poison,00145,X,,,X,,,,,5,5,,5,4,,,,,5,,,,5,5,3,4,2,,,,,,,,,0.4,2,0.4,0.3,,1,,,,,,,,,,,,,,1,,,,,,,,,,,,,,,,3,,,,,,,,,2,,,,,,,,,,,,,,African,,,,,,
Zoom Pie,00146,,X,,X,,,,,,,,,1,,5,3,,3,5,,,,4,5,,,5,,,,4,,,3,,,,,,,,,,1,,,,,,,,,,2,,,,,,,,,,,,,,,,,,,3,,,,,,,,,,,,,,,,,,,,"Blue Zombie,
Cherry Pie",,,,,,
Granddaddy Purple,00147,,X,,X,,,,,5,,,,,,5,5,,4,4,,,5,3,4,,,,,,,,,2,4,,2.1,0.5,0.3,0.5,1.5,,,,2,,,,,,,,,,,,1,,,,,,,,,,,,,,,,,,,,,,,3,,,,,,,,,,,,,,"Purple Urkle,
Big Bud",,,,,,
Willy's Wonder,00148,,X,,X,,,,,5,,,,,,5,4,,5,3,,,4,2,2,3,,,,,,2,,,,,2.9,0.2,0.3,0.5,1.7,,,,,,,,,,,,,,1,,,,,,,,,,,,,,,,,,,2,,,,,,3,,,,,,,,,,,,,,Afghani,,,,,,
Tahoe Alien,00149,,,X,X,,,,,4,4,,,,,6,,,5,4,,,5,4,4,,4,,,,,,,,4,,2.5,,,,,,,,,,,,,,,2,,,3,,,,,,1,,,,,,,,,,,,,,,,,,,,,,,,,,,,,,,,,"Tahoe OG Kush,
Alien Kush",,,,,,
Tahoe OG Kush,00150,,,X,X,,,,,4,,,,,,5,5,,4,3,,,4,3,4,,,,,,,,,2,4,,1.9,0.4,0.3,0.7,1.5,,,,,,,,,,,,,,1,,,,,,,,,,,,,,,,2,,,3,,,,,,,,,,,,,,,,,,,,"OG Kush,
SFV OG Kush",,,,,,
Diablo,00151,,X,,X,,,,,5,4,,,,,5,3,,5,,,,5,3,4,,,,,,,,,2,2,,3.5,0.3,0.4,1.6,2.5,,,,,,,,,,,,,,3,,,,,,,,,,,,,,,,,,,,,,,2,,1,,,,,,,,,,,,,,"African,
Grapefruit,
Blueberry",,,,,,
Bhang Diablo OG,00152,,X,,X,,,,,5,,,,,3,,,,3,,,,,,,,,,,,,,,,,,2,,,,3.2,,,,1,,,,,,,2,,,3,,,,,,,,,,,,,,,,,,,,,,,,,,,,,,,,,,,,,,,,,,,,,
Sour LSD,00153,,,X,X,,,,,5,4,,4,4,,,,,5,,,,5,,5,3,,,,,,,,4,3,,2,,,,0.9,,,,,,,,,,,,,,,,,,,,2,,,,,,,,,,,,,1,,,3,,,,,,,,,,,,,,,,,"Sour Bubble,
LSD",,,,,,
LSD,00154,,,X,X,,,,,5,4,,,3,,5,,,5,,,,5,4,3,2,,,,,,,,1,,,2,0.7,0.4,0.6,1.2,,,,,,,,,,,,,,1,,,,,,,,,,,,,,,,,,,3,,,,,,2,,,,,,,,,,,,,,"Mazar I Sharif,
Skunk No. 1",,,,,,
LVPK,00155,,,X,X,,,,,5,5,,,,,5,5,,6,,,,5,,2,,,,,4,,,,4,5,,1.6,3,,,1,,,,,,,,,,,,,,3,,,,,,,,,,,,,,,,,,,,,,,2,,1,,,,,,,,,,,,,,"Purple Afghani,
Hindu Kush",,,,,,
Grapefruit,00156,X,,,X,,,,,5,5,,5,,4,,,,4,,,,4,4,3,3,,,,2,,,,,,,1.9,0.3,0.2,0.7,1,,,,,,,,,,,2,,,,,,1,,,,,,,,,,,,,,,,,,,,,,3,,,,,,,,,,,,,,Cindarella 99,,,,,,
Stardawg,00157,,,X,X,,,,,5,5,,4,,,4,,,5,,,,4,4,3,,,,,3,,,,2,,0.3,0.8,,0.2,0.3,0.9,,,,,,,,,,,,,1,3,,,,,,,,,,,,,,,,,,,2,,,,,,,,,,,,,,,,,,,,"Chemdawg 4,
Tres Dawg",,,,,,
Purple Afghani,00158,,X,,X,,,,,4,,,,,,5,3,,,,,3,3,2,3,,,,,,,,,2,2,,1.5,0.4,0.5,0.2,0.8,,,,,,,,,,,,,,2,,,,,,,,,,,,,,,,3,,,,,,,,,1,,,,,,,,,,,,,,"Purple Kush,
Afghani",,,,,,
Chemdawg 4,00159,,,X,X,,,,,5,4,,,,,5,,,4,3,,,5,4,4,,,,,,,,,3,3,0.2,2.3,0.4,,0.5,0.8,,,,,,,,,,,,,3,2,,,,,,,,,,,,,,,,,,,1,,,,,,,,,,,,,,,,,,,,"Nepalese,
Thai",,,,,,
Tres Dawg,00160,,,X,X,,,,,,,,,,,5,4,,5,,,3,4,,5,,,,,3,,2,,,5,1.1,2.6,,,1.1,0.6,,,,,,,,,1,,2,,,,,,,,,,,,,,,,,,,,,,3,,,,,,,,,,,,,,,,,,,,"Afghani,
Chemdawg",,,,,,
Purple Kush,00161,,X,,X,,,,,5,,,,,,5,5,,4,3,,,5,3,4,,,,,,,,,2,4,0.3,2.8,0.7,,0.8,2,,,,,,,,,,,,,,1,,3,,,,,,,,,,,,,,,,,,,,,,,2,,,,,,,,,,,,,,"Hindu Kush,
Purple Afghani",,,,,,
Bhang ChemDawg,00162,,,X,X,,,,,3,3,,3,,,3,,,,,,,3,,3,,3,,,3,,,,,,,,,,,,,,,,,,,,,,,,,1,,,,,,,,,,,,,,,,,,,2,,,,,,,,,,,,,,,,,,,,Chemdawg,,,,,,
Chemdawg #4 x Alien OG,00163,,,X,X,,,,,,1,,2,,,,1,1,2,,,,,,,2,,,,,,,,,,,,,,,,,,,,,,,,,,3,,,,,,,,,,,,,,,,,,,2,,,,,,1,,,,,,,,,,,,,,,,,"Chemdawg 4,
Alien OG",,,,,,
Chemdawg 91,00164,,,X,X,,,,,5,4,,,4,,5,,,4,,,,5,4,3,,,,,2,2,,,,,,2.2,0.4,0.4,,0.4,,,,,,,,,,,,,1,2,,,,,,,,,,,,,,,,,,,1,,,,,,,,,,,,,,,,,,,,Thai,,,,,,
Chemdawg Sour Diesel,00165,,,X,X,,,,,5,5,,4,5,,4,,,,,,,3,2,3,,,,2,,,,,,2,0.4,2.7,,,,0.4,,,,,,,,,3,,,,1,,,,,,,,,,,,,,,,,,,,2,,,,,,,,,,,,,,,,,,,,"Chemdawg,
Sour Diesel",,,,,,
Dawg's Waltz,00166,,,X,X,,,,,5,,,,,,5,5,,5,,,4,5,3,5,,,,,,4,,,,4,,1.5,,,,0.7,,,,,,,,,,,,,,1,,,,,,,,,,,,,,,,,,,,,,2,,,3,,,,,,,,,,,,,,"Purple Urkle,
Tres Dawg",,,,,,
Lemon Alien Dawg,00167,,,X,X,,,,,5,4,,,4,,5,,,5,,,,5,4,,4,,,,3,,,,4,,,2.4,,,,,,,,,,,,,,,2,,,,,,,,,1,,,,,,,,,,,,,,,,,,,3,,,,,,,,,,,,,,"Alien Dawg,
Lemon Kush",,,,,,
Mad Dawg,00168,,,X,X,,,,,3,,,,5,,4,,,5,,,,3,,2,,,,4,,,,,4,4,1.9,2.3,,,,0.7,,,,,,,,,,,1,,,3,,,,,,,,,,,,,,,,,,,,,,,,,,,,,,2,,,,,,,,,"Lemon Alien Dawg,
Starfighter",,,,,,
Omega Dawg,00169,,,X,X,,,,,3,6,,,6,,2,,,6,,,,2,2,3,2,2,,,,,,,,,,,,,,,,,,,,,,,,,,,3,,,,,,,,,,,,,,,,,,,,1,,,,,,2,,,,,,,,,,,,,,"Chemdawg,
Space Queen",,,,,,
Purple Chemdawg,00170,,X,,X,,,,,4,4,,,5,,5,,,5,,,,4,2,3,,,,,,,,,2,2,,1,1.3,1.5,,0.5,,,,,,,,,3,,,,,2,,1,,,,,,,,,,,,,,,,,,,,,,,,,,,,,,,,,,,,,"Chemdawg,
Granddaddy Purple",,,,,,
Royal Chemdawg,00171,,,X,X,,,,,,4,,,3,,4,2,,,4,,,2,1,2,,,2,,,3,,,,,,,,,,,,,,,,,,,3,,1,,2,,,,,,,,,,,,,,,,,,,,,,,,,,,,,,,,,,,,,,,,"Chemdawg 91,
Deadhead OG",,,,,,
Skunk Chemdawg,00172,,,X,X,,,,,0,,,,,,,,,,,,,,,,,,,,,,,,,,,,,,,,,,,,,,,,,,,,,,,,,,,,,,,,,,,,,,,,,,,,,,,,,,,,,,,,,,,,,,,,,,
Space Dawg,00173,,X,,X,,,,,4,4,,,,,5,4,,5,,,,5,3,2,,,,,,,,,1,3,,2.3,0.1,0.2,0.4,1.9,,,,,,,,,,,,,,1,,,,,,,,,,,,,,,,,,,3,,,,,,2,,,,,,,,,,,,,,"Super Snow Dog,
Space Queen",,,,,,
White Dawg,00174,,,X,X,,,,,5,5,,5,,5,5,,,,,,,5,2,2,2,,2,,,,,,,,,2.6,0.3,2.1,2.1,0.4,,,,,,,,,,,,,,2,,,,,,,,,,,,,,,,1,,,3,,,,,,,,,,,,,,,,,,,,,,,,,,
13 Dawgs,00175,,,X,X,,,,,3,2,,1,,,3,,,,,,,,3,,2,1,2,,,,,,1,,2.1,2.5,,2,,,,,1,,2,,,,,,3,,,,,,,,,,,,,,,,,,,,,,,,,,,,,,,,,,,,,,,,,,"G13,
Chemdawg",,,,,,
Lemon Kush,00176,,,X,X,,,,,5,5,,,4,,5,,,5,,,,4,3,2,,1,,,,,,,1,,,2.7,0.5,0.2,0.3,1.5,,,,,,,,,,,2,,,,,,,,,1,,,,,,,,,,,,,,,,,,,3,,,,,,,,,,,,,,"Afghani,
South American,
Lemon G,
Master Kush",,,,,,
Starfighter,00177,,,X,X,,,,,5,5,,,,,6,,,5,,5,,5,5,4,,,,,,,,,4,4,,0.6,,,,,,,,,,,,,,,,,,1,,,,,,,,,,,,,,,,2,,,3,,,,,,,,,,,,,,,,,,,,"Tahoe Alien,
Lemon Alien Dawg",,,,,,
$100 OG,00178,,,X,X,,,,,4,5,,,,5,5,,,5,,,,4,4,4,3,,,,,,,,3,,0.2,2.4,0.5,,2.1,0.5,,,,,,,,,,,,,,1,,,,,,,,,,,,,,,,3,,,,,,,,,2,,,,,,,,,,,,,,OG Kush,,,,,,
Super Snow Dog,00179,X,,,X,,,,,5,5,,,,5,5,,,5,,,,5,5,5,,5,,,3,,,,,,0.4,0.5,,,0.4,0.2,,,,,,,,,,,1,,,,,,,,,,,,,,,,,,,,,,,,,,,,2,,,,,,,,3,,,,,,"Chemdawg,
Super Skunk",,,,,,
Super Skunk,00180,,X,,X,,,,,5,4,,,,,5,4,,5,,,,5,3,4,,,,,,,,,3,2,0.3,2.7,1.4,,0.2,2.1,,,,,,,,,,,,,,2,,,,,,,,,,,,,,,,,,,3,,,1,,,,,,,,,,,,,,,,,"Afghani,
Skunk #1",,,,,,
Lemon G,00181,X,,,X,,,,,,5,,5,,5,5,,,5,,,,4,4,2,3,2,,,,,,,,,,3.7,0.3,0.4,0.4,2.6,,,,,,,,,,,3,,,,,,,,,1,,,,,,,,,,,,,,,,,,,2,,,,,,,,,,,,,,G13,,,,,,
Lemon OG Kush,00182,,,X,X,,,,,5,5,,,,,5,5,,,4,,,4,3,4,,,,,,,,,3,4,,2.4,0.3,0.1,0.4,0.5,,,,,,,,,,,2,,,,,,,,,1,,,,,,,,,,,,,,,,,,,3,,,,,,,,,,,,,,"Lemon Skunk,
OG #18",,,,,,
Master Kush,00183,,X,,X,,,,,5,3,,,,,5,4,,5,,,,4,2,3,,,,,,,,,2,4,,1.9,0.3,0.6,0.1,1.7,,,,,,,,,,,,,,1,,,,,,,,,,,,,,,,,,,2,,,,,,3,,,,,,,,,,,,,,Hindu Kush,,,,,,
Lemon Skunk,00184,,,X,X,,,,,5,5,,5,,,5,,,5,,,,4,4,3,2,,,,,2,,,,,0.5,1.8,0.9,,0.3,1,,,,,,,,,,,2,,,,,,,,,1,,,,,,,,,,,,,,,,3,,,,,,,,,,,,,,,,,Skunk #1,,,,,,
OG #18,00185,,,X,X,,,,,5,4,,,,,5,4,,5,,,,5,4,5,,,3,,,,,,,4,0.2,1.3,0.6,0.2,,0.3,,,,,,,,,,,,,3,1,,,,,,,,,,,,,,,,,,,2,,,,,,,,,,,,,,,,,,,,OG Kush,,,,,,
Allen Wrench,00186,X,,,X,,,,,5,,,,5,5,5,,,5,,,,4,3,2,1,1,,,,,,,,,,2.2,0.5,0.7,1,1,,,,,,,,,,,1,,,2,,,,,,,,,,,,,,,,,,,3,,,,,,,,,,,,,,,,,,,,"Trainwreck,
NYC Diesel",,,,,,
Aloha,00187,X,,,X,,,,,5,4,,5,4,,3,,,,,,,5,3,4,,3,,,5,,,,,,,0.4,,,0.5,0.6,,,,,,,,,,,,,2,,,,,,,,,,,,,,,,,,,,,,,,,,1,,,,,3,,,,,,,,,,,,,,,
Aloha Limone,00188,,,X,X,,,,,0,,,,,,,,,,,,,,,,,,,,,,,,,,,,,,,,,,,,,,,,,,1,,,2,,,,,,,,,,,,,,,,,,,3,,,,,,,,,,,,,,,,,,,,,,,,,,
Alohaberry,00189,,,X,X,,,,,2,1,,2,1,,,,,1,,,,2,1,1,,,1,,1,,,,,,,1.4,0.4,,,0.7,,,,1,,,,,,,,,,,,,,,,,,,,,,,,,,,,,3,,,,,,2,,,,,,,,,,,,,,,,,,,,
Alpha Blue,00190,X,,,X,,,,,6,5,,,,,,,5,5,,,5,5,5,,3,2,,,1,,,,,,,0.6,,,0.5,0.4,,,,1,,2,,,,,,,,,,,,,,,,,,,,,,,,,,,,,,3,,,,,,,,,,,,,,,,,"Blue Dream,
NYC Diesel",,,,,,
Alpha Cow,00191,X,,,X,,,,,0,,,,,,,,,,,,,,,,,,,,,,,,,,,,,,,,,,,,,,,,,,,,,,,,,,,,,,,,,,,,,,,,,,,,,,,,,,,,,,,,,,,,"Alpha Blue,
Purple Cow",,,,,,
Alpha Express,00192,X,,,X,,,,,5,6,,6,5,5,,,,,,,,,6,,6,6,,,,6,6,,,,,1.7,,,,,,,,,,,,,,,,,2,,,,,,,,,,,,3,,,,,,,,,,,,1,,,,,,,,,,,,,,,,"Alpha Blue,
Ghost Train Haze",,,,,,
Alpha OG,00193,,,X,X,,,,,5,,,,3,,6,5,,,4,,,2,2,4,,3,,,,,,,,3,,0.8,0.3,,0.5,0.5,,,,,,,,,,,,,3,,,,,,,,,,,,,,,,,2,,,,,,,,,1,,,,,,,,,,,,,,OG Kush,,,,,,
Alpine Blue,00194,,,X,X,,,,,,1,1,1,2,,,,,1,,,,,1,1,,,1,,1,1,,,,,,,,,,,,,,1,,3,,,,,,,,,,,,,,,,,,,,,,,,,,,,,,2,,,,,,,,,,,,,,,,,"Blue Mystic,
Power Plant",,,,,,
Alpine Star,00195,,X,,X,,,,,2,2,,,,,5,5,,,,,,,,,,,,,,,,,,5,,1.1,,,,,,,,,,,,,,,2,,,1,,,,,,,,,,,,,,,,3,,,,,,,,,,,,,,,,,,,,,,,"Tahoe OG Kush,
Sensi Star",,,,,,
Ambrosia,00196,,,X,X,,,,,5,4,,,4,,5,,,5,,,,5,4,,,2,,,1,,,,,1,0.5,1.6,0.2,,0.3,1.3,,,,3,,,,,,,,,,2,,,,,,,,,,,,,,,,,,,,,,,,,,,,,,1,,,,,,,,,God Bud,,,,,,
American Dream,00197,,,X,X,,,,,4,,,,4,,5,,,5,4,,,5,6,5,,3,,,,,,,,5,,3.4,,,,2.1,,,,,,,,,2,,,,,1,3,,,,,,,,,,,,,,,,,,,,,,,,,,,,,,,,,,,,,,"Afghan Skunk,
Jamaican,
Hawaiian",,,,,,
American Kush,00198,,X,,X,,,,,5,4,,,,,5,5,,,,5,,5,3,5,,,5,,,,,,,4,,0.4,,,,,,,,,,,,,,,,,,,,,,,2,,,,,,,,,,,,,,,,,,3,,1,,,,,,,,,,,,,,"Pre-98 Bubba Kush,
Sin City Kush",,,,,,
Americano,00199,,X,,X,,,,,,,5,,1,4,5,,,5,,,,,,1,,2,,,1,,,,,,,,,,,,,,,,,,,,,,,,2,1,,,,,,3,,,,,,,,,,,,,,,,,,,,,,,,,,,,,,,,,"Northern Lights,
Skunk #1",,,,,,
Amethyst,00200,,,X,X,,,,,4,,,,,,4,,,5,,,,3,2,,,,,,,,,,1,,,1.2,,,,1,,,,1,,,,,,,,,,,2,,,,,,,,,,,,,,,,,,,,,,,,3,,,,,,,,,,,,,,"Sage N Sour,
Granddaddy Purple",,,,,,
Amethyst Bud,00201,,,X,X,,,,,4,,,,,,4,,,5,,,,1,2,,,,,,,,,,1,,,1,,,,1.2,,,,1,,,,,,,,,,,2,,,,,,,,,,,,,,,,,,,,,,,,3,,,,,,,,,,,,,,"Sage N Sour,
Granddaddy Purple",,,,,,
Amnesia,00202,X,,,X,,,,,5,4,,5,,,5,,,,,,4,3,3,3,,2,,,,,,,2,,1,1.3,0.5,,0.3,1.2,,,,,,,,,,,3,,,1,,,,,,,,,,,,,,,,,,,,,,,,,2,,,,,,,,,,,,,,"Cindarella 99,
Jack Herer,
Skunk #1",,,,,,
Amnesia Haze,00203,X,,,X,,,,,5,5,,4,,,5,,,5,,,,5,4,3,2,,,,,,,,,2,,2.9,1.1,0.3,0.9,1.5,,,,,,,,,,,1,,,2,,,,,,3,,,,,,,,,,,,,,,,,,,,,,,,,,,,,,,,,"Thai,
Afghani,
Hawaiian,
Jamaican,
South Asian Indica,
Cambodian,
Haze",,,,,,
Ancient Kush,00204,,X,,X,,,,,,,4,3,3,3,,,,,,,3,3,,,,3,,,,,,,3,,,,,,,,,,,,,,,1,,,3,,,,,,,,,,,,,,,,,,,,,,,,,2,,,,,,,,,,,,,,,,,,,,,,,
Ancient OG,00205,,X,,X,,,,,5,,,,,,6,5,,5,5,,,4,5,3,,,,,,,,,4,2,,3.1,,,,1.6,,,,,,,,,,,,,,1,,,,,,,,,,,,,,,,3,,,2,,,,,,,,,,,,,,,,,,,,"South Asian Indica,
Snow Lotus",,,,,,
Anesthesia,00206,,X,,X,,,,,5,5,,,,,5,3,,5,,,,2,,6,,1,5,,,,,,,1,,1,0.4,0.3,0.5,0.7,,,,,,,,,2,,,,,1,,,,,,,,,,,,,,,,,,,,,,,,,3,,,,,,,,,,,,,,"Herijuana,
Afghan Skunk",,,,,,
Apollo 11,00207,,,X,X,,,,,,6,,2,3,,5,,,5,,,,6,5,5,,4,,,,,,,,3,,0.9,0.1,0.3,3.5,0.5,,,,,,,,,,,1,,,,,,,,,,,,,,,,,,2,,,,,,,,,,,3,,,,,,,,,,,,,"Cinderella 99,
Jack Herer",,,,,,
Apollo 13,00208,,,X,X,,,,,5,5,,,,,,,,5,5,,4,5,5,,3,4,,,,,,,3,,,0.5,0.7,0.9,0.2,0.5,,,,,,,,,,,,,,,,,,,,,,,,,,,,,,,,,2,,,,,,3,,1,,,,,,,,,,,,Jack Herer,,,,,,
Appalachia,00209,,,X,X,,,,,5,,,,6,,6,,6,5,,,,,,6,,,6,,,6,6,,6,,,,,,,,,,,,,,,,,,,,,3,,,,,,,,,,,,,,,,,,,2,,,1,,,,,,,,,,,,,,,,,"Green Crack,
Tres Dawg",,,,,,
Apple Kush,00210,,,X,X,,,,,4,,,,,,4,,,,,4,5,3,,,,,,,,,,,,3,,,,,,2,,1,,,,,,,,,,,,,,,,,,,,,,,,,,,,,,,,,,2,,,3,,,,,,,,,,,,,,"Sour Diesel,
Pure Kush",,,,,,
Arabian Gold,00211,X,,,X,,,,,,,,,5,5,,,,5,,,,1,,1,,,,,,,,,,1,,0.6,0.2,,0.2,0.4,,,,,,,,,,,,,,,,,,,,,,,,,,,,,,,,,,,,,,,,,,,,,,,,,,,,,,,,,,,
Arctic Sun,00212,,,X,X,,,,,,,,3,5,3,5,,,3,,,,4,,,,,,,,,,,,,,,,,,,1,,,,,,,,,,,,,,,,,,,,,,,,,,,,,,,,,,,2,,,,,,,,,,,,,,,,,"Skunk No. 1,
White Widow",,,,,,
ArcticBlue,00213,,,X,X,,,,,5,,,5,6,,5,,,5,,,,6,5,4,3,,,,,,,,,5,,2.2,,,,,,,,,,1,,,,,,,,2,,,,,,,,,,,,,,,,,,,3,,,,,,,,,,,,,,,,,,,,DJ Short BlueBerry,,,,,,
Area 51,00214,,,X,X,,,,,,,,,3,,3,,,,,,3,,3,,1,,,1,,1,3,,,,,1.3,,,1.3,,,,,,,,,,,,3,,,,,,,,,1,,,,,,,,,,2,,,,,,,,,,,,,,,,,,,,,,,,,,,,,
Argyle,00215,,X,,X,,,,,6,,,,,5,6,,,4,,5,,5,,5,,,,,,6,3,,,5,,3.5,,,,,,,,,,,,,,,,,,3,,,,,,,,,,,,,,,,,,,,,,,2,,,,,,,,,,1,,,,,,"Afghani,
Sensi Star",,,,,,
Arjan's Strawberry Haze,00216,X,,,X,,,,,6,5,,5,,,,,5,5,,,,4,6,,,,,4,,,,,1,2,,3.7,1,0.4,0.6,3,,,,2,,,,,,,,,,,,,,,,,,,,,,,,,,,,,,,,,,1,2,,,,,,,,,,,,,,"Northern Lights #5,
Haze,
Kali Mist,
Swiss Sativa",,,,,,
Canna-Tsu,00217,,,X,X,,,,,3,3,,,,3,5,,,1,,,,5,2,4,,,2,,,3,,,,,1,2,,,0.2,2,,,,,,,,,,,,,,1,,,,,,,,,,,,,,,,,,,3,,,,,,,,,,,,,,2,,,,,,"Cannatonic,
Sour Tsunami",,,,,,
Armageddon,00218,,,X,X,,,,,5,,,3,3,,5,,,5,,,,4,4,1,,5,,,,3,,,,,,0.5,0.2,,0.3,0.6,,,,,,,,,,,2,,,1,,,,,,,,,,,,,,,,,,,3,,,,,,,,,,,,,,,,,,,,,,,,,,
Armagnac,00219,,,X,X,,,,,,,4,,,,6,5,,4,,,,3,,,,,,,,,,,,3,,4,,,,,,,,,,,,,,,,,,1,3,,,,,,,,,,,,,,,,,,,,,2,,,,,,,,,,,,,,,,,"The White,
Grape Kush",,,,,,
Capers,00220,,X,,X,,,,,5,2,,,,,5,4,,,5,,,,,,2,,3,,2,,2,,,2,,2.1,,,,,,,,,,,,,,3,,,,1,,,,,,,,,,,,,,,,2,,,,,,,,,,,,,,,,,,,,,,,Burmese Kush,,,,,,
Asian Fantasy,00221,X,,,X,,,,,4,,5,5,5,,,,,5,,,,3,2,1,1,1,,,,,,,,,,0.3,0.1,0.1,0.2,0.4,,,,,,,,,,,2,,,1,,,,,,,,3,,,,,,,,,,,,,,,,,,,,,,,,,,,,,,,,,,,,,
Astroboy,00222,X,,,X,,,,,2,,,5,5,,5,,,1,,,,1,1,,1,,,,1,,,,1,,,,,,,,,,,,,,,,,,,,,,,3,2,,,,,,,,,,,,,,,,,,,,,,1,,,,,,,,,,,,,,"Apollo 13,
Ortega,
Cinderella 99",,,,,,
Athabasca,00223,,X,,X,,,,,6,6,,,,,6,,6,,,,,6,6,,5,,,,,,,6,5,,,3.5,,,,,1,2,,,,,,,,,,,,1,,,,,,,,,,,,,,,,,,,,,,,,,,,,,,,,,,,,,,,"Harlequin,
Jack the Ripper",,,,,,
Atmosphere,00224,,,X,X,,,,,,6,,,6,,6,,,6,,6,,6,6,1,,,,,6,,,,6,,,0.3,,,,0.3,,,,,,,,,,,2,,,3,1,,,,,,,,,,,,,,,,,,,,,,,,,,,,,,,,,,,,,,"White Widow,
OG Kush",,,,,,
Atomic Goat,00225,,,X,X,,,,,6,,,5,,,6,,5,5,,,,6,4,5,,5,5,,,,,,,,,2.1,,,,2.1,,,,,,,,,,,,,,3,,,,,,,,,,,1,,,,,,,,,,,,,,2,,,,,,,,,,,,,,"Golden Goat,
Chernobyl",,,,,,
Atomic Northern Lights,00226,,,X,X,,,,,6,4,4,,4,5,,,,,,,,3,2,2,,1,,,,1,,,,,,0.5,0.5,0.3,0.5,1,,,,,,,,,,,,,,3,,,,,,,,,,,,,,,,2,,,,,,,,,1,,,,,,,,,,,,,,"Afghani,
Thai Haze,
Northern Lights",,,,,,
Atomic Haze,00227,X,,,X,,,,,3,,,5,2,,,,5,5,,,,1,4,3,,,,4,,,,,,,,2.6,,,,2.7,,,,2,,,,,,,,,,,,,,,,3,,,,,,,,,,,,,,,,,,,1,,,,,,,,,,,,,,"Haze,
South Indian Indica",,,,,,
Aurora Borealis,00228,,X,,X,,,,,1,2,,,,,4,3,1,,,,,3,,4,,2,,,,,,,4,4,,0.8,,,,,,,,,,,,,,,,,,2,3,,,,,,,,,,,,,,,,,,,,,,,,1,,,,,,,,,,,,,,"Northern Lights,
Skunk No. 1",,,,,,
Aurora Indica,00229,,X,,X,,,,,5,,,,,,6,5,,3,4,,,5,4,5,,,,,,3,,,,6,,3,2,,,2.6,,,,,,,,,,,,,,2,,,,,,,,,,,,,,,,1,,,,,,,,,,,,,,,,,3,,,,,,"Afghani,
Northern Lights",,,,,,
Avalon,00230,,,X,X,,,,,,1,1,,,,,,,,1,1,1,1,,1,,,,,1,,,,,1,,0.5,0.4,0.2,0.6,,,,,,,,,,,,,,,1,,,,,,,,,,,2,,,,,,,,,,,,,,3,,,,,,,,,,,,,,"Afghani,
Blueberry",,,,,,
Avi,00231,,,X,X,,,,,5,,,3,6,3,5,,,,,,,,,3,3,,4,,,3,,,,,,3,,,,,,,,,,,,,,,,,,1,,,,,,,,,,,,,,,,,,,2,,,,,,,,,,,,,,,,,,,,,,,,,,
Avi-Dekel,00232,,,X,X,,,,,3,,,,,3,3,,,,,2,,3,,4,2,,3,,,2,,,,,0.4,,,0.4,0.5,2,,,,,,,,,,,,,,1,,,,,,,,,,,,,,,,3,,,,,,,,,,,,,,,,,2,,,,,,,,,,,,
Azure Haze,00233,,,X,X,,,,,6,6,,4,,,6,,,4,,,,5,5,5,,5,,,,,,,,,,,,,,,,,,2,,,,3,,,,,,1,,,,,,,,,,,,,,,,,,,,,,,,,,,,,,,,,,,,,,,"Blueberry,
Super Silver Haze",,,,,,
NYC Diesel,00234,,,X,X,,,,,5,5,,5,,,5,,,5,,,,4,4,3,1,,,,,,,,2,,,2.9,0.1,0.5,0.3,2,,,,,,,,,,,3,,1,,,,,,,,,,,,,,,,,,,,2,,,,,,,,,,,,,,,,,,,,"Sour Diesel,
Afghani,
Hawaiian",,,,,,
Purple Cow,00235,X,,,X,,,,,,5,,,,5,,,,5,,,,,,,5,,,,,,,,,,,,,,,,,,,1,,,,,,,,,,,,,,,,,,2,,,,,,,,,,,,,,,,,3,,,,,,,,,,,,,,"Flo,
Dairy Queen",,,,,,
Ghost Train Haze,00236,X,,,X,,,,,5,5,,5,,4,,,,5,,,,4,4,3,2,2,,,,,,,,,0.9,1,0.2,,0.4,0.6,,,,,,,,,,,2,,,3,,,,,,,,,,,,,,,,,,,,,,,,,1,,,,,,,,,,,,,,"Ghost OG,
Nevil's Wreck",,,,,,
Sensi Star,00237,,X,,X,,,,,4,,,,,,5,4,,4,3,,,5,3,4,3,,,,,,,,,2,,2,0.2,0.6,0.4,2,,,,,,,,,,,,,,1,,,,,,,,,,,,,,,,,,,2,,,,,,3,,,,,,,,,,,,,,,,,,,,
Blue Mystic,00238,,X,,X,,,,,5,4,,,,,6,3,,5,,,,6,5,5,,,3,,,,,,,4,,0.8,0.2,0.1,0.3,0.4,,,,3,,1,,,,,,,,,,,,,,,,,,,,,,,,,,,,,,,,,2,,,,,,,,,,,,,,"Blueberry,
Northern Lights",,,,,,
Power Plant,00239,X,,,X,,,,,5,5,,5,5,,,,,5,,,,5,3,4,,,1,,,,,,1,,0.2,1,0.3,0.3,,1,,,,,,,,,,,,,,1,,,,,,,,,,,,,,,,,,,2,,,,,,,,,,,,,,3,,,,,,African,,,,,,
3 Kings,00240,,,X,X,,,,,5,4,,3,,,5,,,5,,,,4,4,3,3,,,,,,,,,3,0.5,0.8,0.4,,1,0.4,,,,,,,,,,,,,3,1,,,,,,,,,,,,,,,,,,,2,,,,,,,,,,,,,,,,,,,,"Headband,
Sour Diesel,
OG Kush",,,,,,
Purple Skunk,00241,,,X,X,,,,,5,5,,3,,,5,,,3,,,,3,2,3,,,,,,,,,2,2,3.5,1,,0.2,0.5,1.5,,,,3,,,,,,,,,,1,,,,,,,,,,,,,,,,,,,,,,2,,,,,,,,,,,,,,,,,Skunk No. 1,,,,,,
Jamaican,00242,X,,,X,,,,,6,,,,6,,6,,,5,,,5,3,3,3,,,,,2,,,,4,,0.4,0.4,,,0.2,0.9,,,,,,,,,,,,,,1,,,,,,,,,,,,,,,,,,,2,,,,,,3,,,,,,,,,,,,,,,,,,,,
Sin City Kush,00243,,X,,X,,,,,5,,,,,,6,,,6,6,,2,,2,,,1,6,1,,1,,,,,,0.4,,,,,,,,,,,,,,,,,,,,1,,,,,,,,,,,,,,3,,,,,,,,,2,,,,,,,,,,,,,,"LVPK,
Super Snow Dog",,,,,,
Pre-98 Bubba Kush,00244,,X,,X,,,,,5,3,,,,,5,3,,4,,,,4,2,4,,2,,,,,,,,3,,2,0.1,0.2,0.3,0.5,,,,,,,,,,,,3,,1,,,,,,,,,,,,,,,,,,,2,,,,,,,,,,,,,,,,,,,,Hindu Kush,,,,,,
Sage N Sour,00245,X,,,X,,,,,4,5,,4,,5,,,,4,,,,4,3,2,2,2,,,,,,,,,0.2,1.1,,0.2,0.1,2.3,,,,,,,,,,,,,3,2,,,,,,,,,,,,,,,,,,,,,1,,,,,,,,,,,,,,,,,,"Sage,
Sour Diesel",,,,,,
Snow Lotus,00246,,,X,X,,,,,5,4,,,5,,6,,,6,,,,6,5,5,1,,,,,2,,,,,,,,,,,2,,,,,,,,,,3,,,1,,,,,,,,,,,,,,,,,,,,,,,,,,,,,,,,,,,,,,,"Afgooey,
Blockhead",,,,,,
Afgooey,00247,,X,,X,,,,,5,5,,,,,5,4,,5,,,,5,4,5,,,3,,,,,,,3,,2.5,0.5,0.3,0.2,1.1,,,,,,,,,,,,,,1,3,,,,,,,,,,,,,,,2,,,,,,,,,,,,,,,,,,,,,,,Afghani,,,,,,
Blockhead,00248,,,X,X,,,,,5,,,,,4,6,5,,5,,,,3,,4,3,3,,,,,,,3,,,1,0.2,0.5,0.3,0.7,,,,,,,,,,,,,,1,,,,,,,,,,,,,,,,2,,,,,,,,,3,,,,,,,,,,,,,,Sweet Tooth,,,,,,
Sweet Tooth,00249,,,X,X,,,,,5,5,,,,,5,4,,5,,,,4,4,4,,,,,,,,,2,4,,2.1,0.3,0.1,0.6,1.1,,,,2,,,,,,,,,,,3,,,,,,,,,,,,,,,,,,,,,,,,1,,,,,,,,,,,,,,"Afghani,
Nepalese,
Hawaiian",,,,,,
Herijuana,00250,,X,,X,,,,,5,,,,,,5,5,,4,4,,,5,3,5,,3,,,,,,,,5,,2.8,0.8,,0.5,1.5,,,,,,,,,,,,,,1,,,,,,,,,,,,,,,,,,,3,,,,,,2,,,,,,,,,,,,,,Petrolia Headstash,,,,,,
Petrolia Headstash,00251,,X,,X,,,,,5,,,5,,,,,,,,,,4,4,,,,,,,,5,,,,1.3,,,,,1.3,,,,1,,,,,,,2,,,3,,,,,,,,,,,,,,,,,,,,,,,,,,,,,,,,,,,,,,,Afghani,,,,,,
Pure Kush,00252,,X,,X,,,,,5,,,,,,6,5,,5,3,,,5,,5,,,,,4,,,,3,5,,3.2,0.3,0.1,0.2,1.7,,,,,,,,,,,,,,1,,,,,,,,,,,,,,,,,,,3,,,2,,,,,,,,,,,,,,,,,OG Kush,,,,,,
Bhang Pineapple Kush,00253,,,X,X,,,,,5,,,5,,,4,,,5,,,5,,4,,,,3,,,3,,,3,3,,,,,,,,,,,,,,,,,,,,,,,,,,,,,,,,,,,,1,,,,,,2,,,3,,,,,,,,,,,,,,Pineapple Kush,,,,,,